feature,importance
src_bytes,0.19512180042918145
dst_bytes,0.09828038986520644
same_srv_rate,0.07121858674630789
dst_host_same_srv_rate,0.0709020256493004
dst_host_srv_count,0.06881451520263819
flag,0.06677076838760058
logged_in,0.04690231508233942
srv_serror_rate,0.044054763465744565
diff_srv_rate,0.03716203718416401
serror_rate,0.0315591278477065
protocol_type,0.030309905542110264
count,0.02989318817701645
service,0.027373449217233246
dst_host_diff_srv_rate,0.024634518395144977
dst_host_same_src_port_rate,0.02269436437062393
srv_count,0.02154108285914145
dst_host_srv_diff_host_rate,0.021525488423377565
dst_host_rerror_rate,0.016498616657254096
dst_host_count,0.014574666467431947
dst_host_srv_serror_rate,0.01212553811919873
dst_host_srv_rerror_rate,0.009187702168374598
hot,0.008784875455866464
num_compromised,0.006452766548713368
rerror_rate,0.004506277450445149
srv_rerror_rate,0.004068757034351603
wrong_fragment,0.003732382723753274
dst_host_serror_rate,0.003658263301600284
duration,0.002891690033651405
srv_diff_host_rate,0.0027900031356296344
is_guest_login,0.0011110987044232886
num_root,0.0002657377206933015
num_file_creations,0.00016838351510862394
num_failed_logins,0.00013610392218815618
root_shell,7.991799975626241e-05
num_shells,6.718378445154388e-05
num_access_files,6.244424099500871e-05
urgent,3.428252953538433e-05
su_attempted,2.9369429250507297e-05
land,1.5612212489906102e-05
num_outbound_cmds,0.0
is_host_login,0.0
